{
  "roc_auc": 0.846146970669029,
  "accuracy": 0.7820055489496631,
  "precision": 0.9197952218430034,
  "recall": 0.7981243830207305,
  "f1_score": 0.8546511627906976,
  "scale_pos_weight": 0.25279285030322374,
  "n_features": 63,
  "test_samples": 2523
}